 "hello and welcome to yuyo learning world", "test1", "test1", "test1"
 "test1", "test2", "test3", "test4"
 "test1", "test2", "test3", "test4"
 "test1", "test2", "test3", "test4"
 "test1", "test2", "test3", "test4"
 "test1", "test2", "test3", "test4"
 "test1", "test2", "test3", "test4"
 "test1", "test2", "test3", "test4"
 "test1", "test2", "test3", "test4"
 "test1", "test2", "test3", "test4"
 "test1", "test2", "test3", "test4"
 "test1", "test2", "test3", "test4"
 "test1", "test2", "test3", "test4"
 "test1", "test2", "test3", "test4"
 "test1", "test2", "test3", "test4"
 "test1", "test2", "test3", "test4"
 "test1", "test2", "test3", "test4"
 "test1", "test2", "test3", "test4"
 "test1", "test2", "test3", "test4"
 "test1", "test2", "test3", "test4"
 "test1", "test2", "test3", "test4"
 "test1", "test2", "test3", "test4"
 "test1", "test2", "test3", "test4"
 "test1", "test2", "test3", "test4"
 "test1", "test2", "test3", "test4"
 "test1", "test2", "test3", "test4"
 "test1", "test2", "test3", "test4"
 "test1", "test2", "test3", "test4"
 "test1", "test2", "test3", "test4"
 "test1", "test2", "test3", "test4"
 "test1", "test2", "test3", "test4"
 "test1", "test2", "test3", "test4"
 "test1", "test2", "test3", "test4"
 "test1", "test2", "test3", "test4"
 "test1", "test2", "test3", "test4"
 "test1", "test2", "test3", "test4"
 "test1", "test2", "test3", "test4"
 "test1", "test2", "test3", "test4"
 "test1", "test2", "test3", "test4"
 "test1", "test2", "test3", "test4"
 "test1", "test2", "test3", "test4"
 "test1", "test2", "test3", "test4"
 "test1", "test2", "test3", "test4"
 "test1", "test2", "test3", "test4"
 "test1", "test2", "test3", "test4"
 "test1", "test2", "test3", "test4"
 "test1", "test2", "test3", "test4"
 "test1", "test2", "test3", "test4"
 "test1", "test2", "test3", "test4"